{
    "1": {
        "voltage": 0.9999999403953552,
        "active": 0,
        "reactive": 0
    },
    "2": {
        "voltage": 0.9970316886901855,
        "active": 0.09972281008958817,
        "reactive": 0.0600905679166317
    },
    "3": {
        "voltage": 0.9829338192939758,
        "active": 0.0900219976902008,
        "reactive": 0.03998715057969093
    },
    "4": {
        "voltage": 0.9754497408866882,
        "active": 0.1199987605214119,
        "reactive": 0.0799911767244339
    },
    "5": {
        "voltage": 0.9680498838424683,
        "active": 0.06000039353966713,
        "reactive": 0.029996419325470924
    },
    "6": {
        "voltage": 0.9495489597320557,
        "active": 0.06000032275915146,
        "reactive": 0.01999722607433796
    },
    "7": {
        "voltage": 0.9461159706115723,
        "active": 0.20000141859054565,
        "reactive": 0.09998779743909836
    },
    "8": {
        "voltage": 0.9412683844566345,
        "active": 0.20000045001506805,
        "reactive": 0.09998799115419388
    },
    "9": {
        "voltage": 0.9349686503410339,
        "active": 0.06000002846121788,
        "reactive": 0.019997622817754745
    },
    "10": {
        "voltage": 0.9291251301765442,
        "active": 0.05999995768070221,
        "reactive": 0.01999763399362564
    },
    "11": {
        "voltage": 0.9282649755477905,
        "active": 0.04499999061226845,
        "reactive": 0.029996464028954506
    },
    "12": {
        "voltage": 0.9267651438713074,
        "active": 0.05999995023012161,
        "reactive": 0.03499586880207062
    },
    "13": {
        "voltage": 0.9206318855285645,
        "active": 0.059999965131282806,
        "reactive": 0.03499586880207062
    },
    "14": {
        "voltage": 0.9183608889579773,
        "active": 0.11999993771314621,
        "reactive": 0.07999055087566376
    },
    "15": {
        "voltage": 0.9169472455978394,
        "active": 0.059999991208314896,
        "reactive": 0.009998813271522522
    },
    "16": {
        "voltage": 0.9155885577201843,
        "active": 0.059999991208314896,
        "reactive": 0.01999763771891594
    },
    "17": {
        "voltage": 0.9135556221008301,
        "active": 0.059999994933605194,
        "reactive": 0.01999763213098049
    },
    "18": {
        "voltage": 0.9129507541656494,
        "active": 0.08999999612569809,
        "reactive": 0.03999526426196098
    },
    "19": {
        "voltage": 0.9965032339096069,
        "active": 0.09006904065608978,
        "reactive": 0.039969172328710556
    },
    "20": {
        "voltage": 0.9929242730140686,
        "active": 0.08999839425086975,
        "reactive": 0.03999602794647217
    },
    "21": {
        "voltage": 0.9922138452529907,
        "active": 0.09000101685523987,
        "reactive": 0.039994969964027405
    },
    "22": {
        "voltage": 0.9915751218795776,
        "active": 0.09000245481729507,
        "reactive": 0.03999437764286995
    },
    "23": {
        "voltage": 0.9793479442596436,
        "active": 0.08999761939048767,
        "reactive": 0.04999511316418648
    },
    "24": {
        "voltage": 0.9726579785346985,
        "active": 0.42000338435173035,
        "reactive": 0.1999751180410385
    },
    "25": {
        "voltage": 0.9693132638931274,
        "active": 0.42000046372413635,
        "reactive": 0.1999761462211609
    },
    "26": {
        "voltage": 0.9476191997528076,
        "active": 0.060000382363796234,
        "reactive": 0.024996943771839142
    },
    "27": {
        "voltage": 0.9450548887252808,
        "active": 0.06000037491321564,
        "reactive": 0.024996982887387276
    },
    "28": {
        "voltage": 0.9335586428642273,
        "active": 0.06000010669231415,
        "reactive": 0.019997572526335716
    },
    "29": {
        "voltage": 0.9252446889877319,
        "active": 0.12000010162591934,
        "reactive": 0.06999167799949646
    },
    "30": {
        "voltage": 0.9216861724853516,
        "active": 0.19999974966049194,
        "reactive": 0.5999290347099304
    },
    "31": {
        "voltage": 0.9174990653991699,
        "active": 0.1499999761581421,
        "reactive": 0.06999171525239944
    },
    "32": {
        "voltage": 0.9165833592414856,
        "active": 0.20999997854232788,
        "reactive": 0.09998816251754761
    },
    "33": {
        "voltage": 0.9163002967834473,
        "active": 0.059999991208314896,
        "reactive": 0.03999526426196098
    }
}